iteration1,iteration2,iteration3,iteration4,iteration5
0.026100873947143555,0.0259554386138916,0.02463507652282715,0.021996021270751953,0.02027416229248047
