iteration1,iteration2,iteration3,iteration4,iteration5
0.011891603469848633,0.009006738662719727,0.009430408477783203,0.011974573135375977,0.016319990158081055
