iteration1,iteration2,iteration3,iteration4,iteration5
0.020436763763427734,0.020547866821289062,0.016683101654052734,0.01707911491394043,0.01862049102783203
