iteration1,iteration2,iteration3,iteration4,iteration5
0.014857053756713867,0.013458013534545898,0.014201164245605469,0.018726110458374023,0.016245126724243164
