iteration1,iteration2,iteration3,iteration4,iteration5
0.0178983211517334,0.017365455627441406,0.01849842071533203,0.017019271850585938,0.01649618148803711
